﻿<mockup version="4.5" minAllowVersion="4.5" ID="DA225F6E-5F8D-48C3-B93D-16F36BBDC948" platform="MtWeb" defaultW="1100" defaultH="750" measureW="1100" measureH="750" mobileScreenScale="0">
  <controls controlCount="34">
    <control controlID="22979364-D244-4427-95A4-D833FBD0AB95" controlTypeID="Panel" isShow="True" caption="Panel" x="20" y="10" w="1060" h="700" measuredW="0" measuredH="0" zOrder="0" locked="False" sizeLocked="False">
      <controlProperties>
        <basic color="4294967295" borderVisible="True" borderColor="4284900966" isAutoSize="False" status="MsEnabled" opacity="1" isCommentCom="False" canMove="True" alias="" rotation="0"/>
        <states/>
        <verticalScrollbarShow>False</verticalScrollbarShow>
        <verticalScrollbarProgress>0</verticalScrollbarProgress>
        <horizontalScrollbarShow>False</horizontalScrollbarShow>
        <horizontalScrollbarProgress>0</horizontalScrollbarProgress>
        <links eventType="AtClick" animate="AmNone" animateAutoDelay="0" animateDuration="500">
          <link targetPageID="" linkType="ltPageLink" isApplyIncludePage="False" title="Link">
            <area shape="0" alt="" ID="{568B1261-B0E9-4B41-9B9A-0DA500352EF7}" coords="(0,0,1060,700)"/>
          </link>
        </links>
        <interactiveData>
          <entry title="">
            <area shape="0" alt="" ID="{97348B45-6A4E-4323-886F-4CE821589E57}" coords="(0,0,1060,700)"/>
            <events title=""/>
          </entry>
        </interactiveData>
        <groupChildrenDescriptors>
          <control controlID="087E84E4-8D7B-4FE2-A0C7-205A7CACD193" controlTypeID="Panel" isShow="True" caption="Panel" x="10" y="10" w="150" h="685" measuredW="0" measuredH="0" zOrder="0" locked="False" sizeLocked="False">
            <controlProperties>
              <basic color="4281597900" borderVisible="True" borderColor="4284900966" isAutoSize="False" status="MsEnabled" opacity="0.600000023841858" isCommentCom="False" canMove="True" alias="" rotation="0"/>
              <states/>
              <verticalScrollbarShow>False</verticalScrollbarShow>
              <verticalScrollbarProgress>0</verticalScrollbarProgress>
              <horizontalScrollbarShow>False</horizontalScrollbarShow>
              <horizontalScrollbarProgress>0</horizontalScrollbarProgress>
              <links eventType="AtClick" animate="AmNone" animateAutoDelay="0" animateDuration="500">
                <link targetPageID="" linkType="ltPageLink" isApplyIncludePage="False" title="Link">
                  <area shape="0" alt="" ID="{C77EE56D-B765-4B6A-96FD-33F5ECDBA57B}" coords="(0,0,150,685)"/>
                </link>
              </links>
              <interactiveData>
                <entry title="">
                  <area shape="0" alt="" ID="{CB279A4E-B428-47BC-8E6A-BFE74F0290F2}" coords="(0,0,150,685)"/>
                  <events title=""/>
                </entry>
              </interactiveData>
              <groupChildrenDescriptors>
                <control controlID="D063D72C-2908-49A0-BC10-570E02DDABDB" controlTypeID="Border" isShow="True" caption="Border" x="0" y="0" w="150" h="685" measuredW="0" measuredH="0" zOrder="0" locked="True" sizeLocked="False">
                  <controlProperties>
                    <basic color="4294967295" borderVisible="True" borderColor="4284900966" isAutoSize="False" status="MsEnabled" opacity="1" isCommentCom="False" canMove="True" alias="borderLayer" rotation="0"/>
                    <states/>
                    <verticalScrollbarShow>False</verticalScrollbarShow>
                    <verticalScrollbarProgress>0</verticalScrollbarProgress>
                    <horizontalScrollbarShow>False</horizontalScrollbarShow>
                    <horizontalScrollbarProgress>0</horizontalScrollbarProgress>
                    <links eventType="AtClick" animate="AmNone" animateAutoDelay="0" animateDuration="500">
                      <link targetPageID="" linkType="ltPageLink" isApplyIncludePage="False" title="Link">
                        <area shape="0" alt="" ID="{A8F78667-2B2D-4016-9A7A-CA311218EADB}" coords="(0,0,150,685)"/>
                      </link>
                    </links>
                    <interactiveData>
                      <entry title="">
                        <area shape="0" alt="" ID="{37C6CEBC-917B-4E75-87B7-62D2B96B71D3}" coords="(0,0,150,685)"/>
                        <events title=""/>
                      </entry>
                    </interactiveData>
                    <thickness>1</thickness>
                    <dashMode>SdSolid</dashMode>
                  </controlProperties>
                </control>
              </groupChildrenDescriptors>
              <thinkness>1</thinkness>
              <dashMode>SdSolid</dashMode>
            </controlProperties>
          </control>
          <control controlID="8C60D37C-C03D-4537-8B93-EDD49A09E8AB" controlTypeID="Image" isShow="True" caption="Image" x="10" y="10" w="150" h="122" measuredW="150" measuredH="150" zOrder="1" locked="False" sizeLocked="False">
            <controlProperties>
              <basic color="4294967295" borderVisible="False" borderColor="4284900966" isAutoSize="False" status="MsEnabled" opacity="1" isCommentCom="False" canMove="True" alias="" rotation="0"/>
              <states/>
              <verticalScrollbarShow>False</verticalScrollbarShow>
              <verticalScrollbarProgress>0</verticalScrollbarProgress>
              <horizontalScrollbarShow>False</horizontalScrollbarShow>
              <horizontalScrollbarProgress>0</horizontalScrollbarProgress>
              <links eventType="AtClick" animate="AmNone" animateAutoDelay="0" animateDuration="500">
                <link targetPageID="" linkType="ltPageLink" isApplyIncludePage="False" title="Link">
                  <area shape="0" alt="" ID="{B7C26F08-0334-4337-A9BC-0F47814C583A}" coords="(0,0,150,122)"/>
                </link>
              </links>
              <interactiveData>
                <entry title="">
                  <area shape="0" alt="" ID="{ADF57076-EA94-4107-AAB2-CBCA549DE0EE}" coords="(0,0,150,122)"/>
                  <events title=""/>
                </entry>
              </interactiveData>
              <rotationAngle>TdZero</rotationAngle>
              <clipShapeType>SbRectangle</clipShapeType>
              <radius>0</radius>
              <radiusIsPercent>False</radiusIsPercent>
              <URL>8F282F8B54230C134033098C162584A9.png</URL>
              <FlipHorizontal>False</FlipHorizontal>
              <FlipVertical>False</FlipVertical>
              <fitMode>2</fitMode>
              <showText>True</showText>
            </controlProperties>
          </control>
          <control controlID="E6EA9EF3-3C77-4E4A-9A46-EC1F34593074" controlTypeID="Label" isShow="True" caption="Label" x="168" y="144" w="81" h="19" measuredW="0" measuredH="0" zOrder="2" locked="False" sizeLocked="False">
            <controlProperties>
              <basic color="0" borderVisible="True" borderColor="4284900966" isAutoSize="True" status="MsEnabled" opacity="1" isCommentCom="False" canMove="True" alias="" rotation="0"/>
              <states/>
              <verticalScrollbarShow>False</verticalScrollbarShow>
              <verticalScrollbarProgress>0</verticalScrollbarProgress>
              <horizontalScrollbarShow>False</horizontalScrollbarShow>
              <horizontalScrollbarProgress>0</horizontalScrollbarProgress>
              <links eventType="AtClick" animate="AmNone" animateAutoDelay="0" animateDuration="500">
                <link targetPageID="" linkType="ltPageLink" isApplyIncludePage="False" title="Link">
                  <area shape="0" alt="" ID="{7BEEF7BC-5179-4933-8092-8A498102D654}" coords="(0,0,81,19)"/>
                </link>
              </links>
              <interactiveData>
                <entry title="">
                  <area shape="0" alt="" ID="{87D4F4EE-D5EB-491F-9892-BBAB80DB789F}" coords="(0,0,81,19)"/>
                  <events title=""/>
                </entry>
              </interactiveData>
              <textSet textColor="4278190080" textSize="14" lineSpacingMultiple="1" textAlign="HaLeft" textVAlign="VaTop" textWordWrap="True" lineSpacing="19" textStyles="[]" useDefaultTextSize="True">
                <font family="Segoe+UI" displayName="Segoe+UI" postScript="" weightStyle="Regular" weight="400" isBold="False" isItalic="False"/>
                <text>Project+name</text>
              </textSet>
              <selectedIndex>-1</selectedIndex>
              <selectedColor>4282501083</selectedColor>
              <textPadding>0</textPadding>
            </controlProperties>
          </control>
          <control controlID="941DB888-9796-40B2-A3B9-F4321A2C17D2" controlTypeID="Label" isShow="True" caption="Label" x="168" y="178" w="60" h="19" measuredW="0" measuredH="0" zOrder="3" locked="False" sizeLocked="False">
            <controlProperties>
              <basic color="0" borderVisible="True" borderColor="4284900966" isAutoSize="True" status="MsEnabled" opacity="1" isCommentCom="False" canMove="True" alias="" rotation="0"/>
              <states/>
              <verticalScrollbarShow>False</verticalScrollbarShow>
              <verticalScrollbarProgress>0</verticalScrollbarProgress>
              <horizontalScrollbarShow>False</horizontalScrollbarShow>
              <horizontalScrollbarProgress>0</horizontalScrollbarProgress>
              <links eventType="AtClick" animate="AmNone" animateAutoDelay="0" animateDuration="500">
                <link targetPageID="" linkType="ltPageLink" isApplyIncludePage="False" title="Link">
                  <area shape="0" alt="" ID="{B460FF15-891F-451C-9260-27C380F35CFB}" coords="(0,0,60,19)"/>
                </link>
              </links>
              <interactiveData>
                <entry title="">
                  <area shape="0" alt="" ID="{D93355FB-CB65-4DB3-BA6B-0A75D16298D8}" coords="(0,0,60,19)"/>
                  <events title=""/>
                </entry>
              </interactiveData>
              <textSet textColor="4278190080" textSize="14" lineSpacingMultiple="1" textAlign="HaLeft" textVAlign="VaTop" textWordWrap="True" lineSpacing="19" textStyles="[]" useDefaultTextSize="True">
                <font family="Segoe+UI" displayName="Segoe+UI" postScript="" weightStyle="Regular" weight="400" isBold="False" isItalic="False"/>
                <text>Start+date</text>
              </textSet>
              <selectedIndex>-1</selectedIndex>
              <selectedColor>4282501083</selectedColor>
              <textPadding>0</textPadding>
            </controlProperties>
          </control>
          <control controlID="7164AEC0-D135-455D-85D4-E4D55E197E3D" controlTypeID="Label" isShow="True" caption="Label" x="168" y="212" w="54" h="19" measuredW="0" measuredH="0" zOrder="4" locked="False" sizeLocked="False">
            <controlProperties>
              <basic color="0" borderVisible="True" borderColor="4284900966" isAutoSize="True" status="MsEnabled" opacity="1" isCommentCom="False" canMove="True" alias="" rotation="0"/>
              <states/>
              <verticalScrollbarShow>False</verticalScrollbarShow>
              <verticalScrollbarProgress>0</verticalScrollbarProgress>
              <horizontalScrollbarShow>False</horizontalScrollbarShow>
              <horizontalScrollbarProgress>0</horizontalScrollbarProgress>
              <links eventType="AtClick" animate="AmNone" animateAutoDelay="0" animateDuration="500">
                <link targetPageID="" linkType="ltPageLink" isApplyIncludePage="False" title="Link">
                  <area shape="0" alt="" ID="{B460FF15-891F-451C-9260-27C380F35CFB}" coords="(0,0,54,19)"/>
                </link>
              </links>
              <interactiveData>
                <entry title="">
                  <area shape="0" alt="" ID="{D93355FB-CB65-4DB3-BA6B-0A75D16298D8}" coords="(0,0,54,19)"/>
                  <events title=""/>
                </entry>
              </interactiveData>
              <textSet textColor="4278190080" textSize="14" lineSpacingMultiple="1" textAlign="HaLeft" textVAlign="VaTop" textWordWrap="True" lineSpacing="19" textStyles="[]" useDefaultTextSize="True">
                <font family="Segoe+UI" displayName="Segoe+UI" postScript="" weightStyle="Regular" weight="400" isBold="False" isItalic="False"/>
                <text>End+date</text>
              </textSet>
              <selectedIndex>-1</selectedIndex>
              <selectedColor>4282501083</selectedColor>
              <textPadding>0</textPadding>
            </controlProperties>
          </control>
          <control controlID="9BD41F17-6CD6-4663-8E3A-8685DF20BF68" controlTypeID="Label" isShow="True" caption="Label" x="167" y="94" w="130" h="38" measuredW="0" measuredH="0" zOrder="5" locked="False" sizeLocked="False">
            <controlProperties>
              <basic color="0" borderVisible="True" borderColor="4284900966" isAutoSize="True" status="MsEnabled" opacity="1" isCommentCom="False" canMove="True" alias="" rotation="0"/>
              <states/>
              <verticalScrollbarShow>False</verticalScrollbarShow>
              <verticalScrollbarProgress>0</verticalScrollbarProgress>
              <horizontalScrollbarShow>False</horizontalScrollbarShow>
              <horizontalScrollbarProgress>0</horizontalScrollbarProgress>
              <links eventType="AtClick" animate="AmNone" animateAutoDelay="0" animateDuration="500">
                <link targetPageID="" linkType="ltPageLink" isApplyIncludePage="False" title="Link">
                  <area shape="0" alt="" ID="{86BA3014-6090-4228-BDD6-7EF1FFFF82AB}" coords="(0,0,130,38)"/>
                </link>
              </links>
              <interactiveData>
                <entry title="">
                  <area shape="0" alt="" ID="{A9B145EC-4360-4E39-ADD8-C0C7EC767C78}" coords="(0,0,130,38)"/>
                  <events title=""/>
                </entry>
              </interactiveData>
              <textSet textColor="4278190080" textSize="28" lineSpacingMultiple="1" textAlign="HaLeft" textVAlign="VaTop" textWordWrap="True" lineSpacing="37" textStyles="[]" useDefaultTextSize="False">
                <font family="Segoe+UI" displayName="Segoe+UI" postScript="" weightStyle="Regular" weight="400" isBold="False" isItalic="False"/>
                <text>Job+details</text>
              </textSet>
              <selectedIndex>-1</selectedIndex>
              <selectedColor>4282501083</selectedColor>
              <textPadding>0</textPadding>
            </controlProperties>
          </control>
          <control controlID="EE403C8A-CF60-4C6C-B1DA-8D8EBBBABC17" controlTypeID="Label" isShow="True" caption="Label" x="168" y="246" w="57" h="19" measuredW="0" measuredH="0" zOrder="6" locked="False" sizeLocked="False">
            <controlProperties>
              <basic color="0" borderVisible="True" borderColor="4284900966" isAutoSize="True" status="MsEnabled" opacity="1" isCommentCom="False" canMove="True" alias="" rotation="0"/>
              <states/>
              <verticalScrollbarShow>False</verticalScrollbarShow>
              <verticalScrollbarProgress>0</verticalScrollbarProgress>
              <horizontalScrollbarShow>False</horizontalScrollbarShow>
              <horizontalScrollbarProgress>0</horizontalScrollbarProgress>
              <links eventType="AtClick" animate="AmNone" animateAutoDelay="0" animateDuration="500">
                <link targetPageID="" linkType="ltPageLink" isApplyIncludePage="False" title="Link">
                  <area shape="0" alt="" ID="{B460FF15-891F-451C-9260-27C380F35CFB}" coords="(0,0,57,19)"/>
                </link>
              </links>
              <interactiveData>
                <entry title="">
                  <area shape="0" alt="" ID="{D93355FB-CB65-4DB3-BA6B-0A75D16298D8}" coords="(0,0,57,19)"/>
                  <events title=""/>
                </entry>
              </interactiveData>
              <textSet textColor="4278190080" textSize="14" lineSpacingMultiple="1" textAlign="HaLeft" textVAlign="VaTop" textWordWrap="True" lineSpacing="19" textStyles="[]" useDefaultTextSize="True">
                <font family="Segoe+UI" displayName="Segoe+UI" postScript="" weightStyle="Regular" weight="400" isBold="False" isItalic="False"/>
                <text>Paycheck</text>
              </textSet>
              <selectedIndex>-1</selectedIndex>
              <selectedColor>4282501083</selectedColor>
              <textPadding>0</textPadding>
            </controlProperties>
          </control>
          <control controlID="11CD608B-A9B1-46BC-9F67-3BC436F8FA59" controlTypeID="Label" isShow="True" caption="Label" x="168" y="280" w="72" h="19" measuredW="0" measuredH="0" zOrder="7" locked="False" sizeLocked="False">
            <controlProperties>
              <basic color="0" borderVisible="True" borderColor="4284900966" isAutoSize="True" status="MsEnabled" opacity="1" isCommentCom="False" canMove="True" alias="" rotation="0"/>
              <states/>
              <verticalScrollbarShow>False</verticalScrollbarShow>
              <verticalScrollbarProgress>0</verticalScrollbarProgress>
              <horizontalScrollbarShow>False</horizontalScrollbarShow>
              <horizontalScrollbarProgress>0</horizontalScrollbarProgress>
              <links eventType="AtClick" animate="AmNone" animateAutoDelay="0" animateDuration="500">
                <link targetPageID="" linkType="ltPageLink" isApplyIncludePage="False" title="Link">
                  <area shape="0" alt="" ID="{B460FF15-891F-451C-9260-27C380F35CFB}" coords="(0,0,72,19)"/>
                </link>
              </links>
              <interactiveData>
                <entry title="">
                  <area shape="0" alt="" ID="{D93355FB-CB65-4DB3-BA6B-0A75D16298D8}" coords="(0,0,72,19)"/>
                  <events title=""/>
                </entry>
              </interactiveData>
              <textSet textColor="4278190080" textSize="14" lineSpacingMultiple="1" textAlign="HaLeft" textVAlign="VaTop" textWordWrap="True" lineSpacing="19" textStyles="[]" useDefaultTextSize="True">
                <font family="Segoe+UI" displayName="Segoe+UI" postScript="" weightStyle="Regular" weight="400" isBold="False" isItalic="False"/>
                <text>Technology</text>
              </textSet>
              <selectedIndex>-1</selectedIndex>
              <selectedColor>4282501083</selectedColor>
              <textPadding>0</textPadding>
            </controlProperties>
          </control>
          <control controlID="044877C2-5F2E-472D-B08C-224AB5B49090" controlTypeID="Label" isShow="True" caption="Label" x="168" y="314" w="24" h="19" measuredW="0" measuredH="0" zOrder="8" locked="False" sizeLocked="False">
            <controlProperties>
              <basic color="0" borderVisible="True" borderColor="4284900966" isAutoSize="True" status="MsEnabled" opacity="1" isCommentCom="False" canMove="True" alias="" rotation="0"/>
              <states/>
              <verticalScrollbarShow>False</verticalScrollbarShow>
              <verticalScrollbarProgress>0</verticalScrollbarProgress>
              <horizontalScrollbarShow>False</horizontalScrollbarShow>
              <horizontalScrollbarProgress>0</horizontalScrollbarProgress>
              <links eventType="AtClick" animate="AmNone" animateAutoDelay="0" animateDuration="500">
                <link targetPageID="" linkType="ltPageLink" isApplyIncludePage="False" title="Link">
                  <area shape="0" alt="" ID="{B460FF15-891F-451C-9260-27C380F35CFB}" coords="(0,0,24,19)"/>
                </link>
              </links>
              <interactiveData>
                <entry title="">
                  <area shape="0" alt="" ID="{D93355FB-CB65-4DB3-BA6B-0A75D16298D8}" coords="(0,0,24,19)"/>
                  <events title=""/>
                </entry>
              </interactiveData>
              <textSet textColor="4278190080" textSize="14" lineSpacingMultiple="1" textAlign="HaLeft" textVAlign="VaTop" textWordWrap="True" lineSpacing="19" textStyles="[]" useDefaultTextSize="True">
                <font family="Segoe+UI" displayName="Segoe+UI" postScript="" weightStyle="Regular" weight="400" isBold="False" isItalic="False"/>
                <text>City</text>
              </textSet>
              <selectedIndex>-1</selectedIndex>
              <selectedColor>4282501083</selectedColor>
              <textPadding>0</textPadding>
            </controlProperties>
          </control>
          <control controlID="A29DB652-5F06-4A4B-8418-39FF534A6901" controlTypeID="Label" isShow="True" caption="Label" x="168" y="348" w="49" h="19" measuredW="0" measuredH="0" zOrder="9" locked="False" sizeLocked="False">
            <controlProperties>
              <basic color="0" borderVisible="True" borderColor="4284900966" isAutoSize="True" status="MsEnabled" opacity="1" isCommentCom="False" canMove="True" alias="" rotation="0"/>
              <states/>
              <verticalScrollbarShow>False</verticalScrollbarShow>
              <verticalScrollbarProgress>0</verticalScrollbarProgress>
              <horizontalScrollbarShow>False</horizontalScrollbarShow>
              <horizontalScrollbarProgress>0</horizontalScrollbarProgress>
              <links eventType="AtClick" animate="AmNone" animateAutoDelay="0" animateDuration="500">
                <link targetPageID="" linkType="ltPageLink" isApplyIncludePage="False" title="Link">
                  <area shape="0" alt="" ID="{B460FF15-891F-451C-9260-27C380F35CFB}" coords="(0,0,49,19)"/>
                </link>
              </links>
              <interactiveData>
                <entry title="">
                  <area shape="0" alt="" ID="{D93355FB-CB65-4DB3-BA6B-0A75D16298D8}" coords="(0,0,49,19)"/>
                  <events title=""/>
                </entry>
              </interactiveData>
              <textSet textColor="4278190080" textSize="14" lineSpacingMultiple="1" textAlign="HaLeft" textVAlign="VaTop" textWordWrap="True" lineSpacing="19" textStyles="[]" useDefaultTextSize="True">
                <font family="Segoe+UI" displayName="Segoe+UI" postScript="" weightStyle="Regular" weight="400" isBold="False" isItalic="False"/>
                <text>Country</text>
              </textSet>
              <selectedIndex>-1</selectedIndex>
              <selectedColor>4282501083</selectedColor>
              <textPadding>0</textPadding>
            </controlProperties>
          </control>
          <control controlID="FBB7BDD7-B9BF-4A61-A636-FFB65355370A" controlTypeID="Label" isShow="True" caption="Label" x="168" y="382" w="41" h="19" measuredW="0" measuredH="0" zOrder="10" locked="False" sizeLocked="False">
            <controlProperties>
              <basic color="0" borderVisible="True" borderColor="4284900966" isAutoSize="True" status="MsEnabled" opacity="1" isCommentCom="False" canMove="True" alias="" rotation="0"/>
              <states/>
              <verticalScrollbarShow>False</verticalScrollbarShow>
              <verticalScrollbarProgress>0</verticalScrollbarProgress>
              <horizontalScrollbarShow>False</horizontalScrollbarShow>
              <horizontalScrollbarProgress>0</horizontalScrollbarProgress>
              <links eventType="AtClick" animate="AmNone" animateAutoDelay="0" animateDuration="500">
                <link targetPageID="" linkType="ltPageLink" isApplyIncludePage="False" title="Link">
                  <area shape="0" alt="" ID="{B460FF15-891F-451C-9260-27C380F35CFB}" coords="(0,0,41,19)"/>
                </link>
              </links>
              <interactiveData>
                <entry title="">
                  <area shape="0" alt="" ID="{D93355FB-CB65-4DB3-BA6B-0A75D16298D8}" coords="(0,0,41,19)"/>
                  <events title=""/>
                </entry>
              </interactiveData>
              <textSet textColor="4278190080" textSize="14" lineSpacingMultiple="1" textAlign="HaLeft" textVAlign="VaTop" textWordWrap="True" lineSpacing="19" textStyles="[]" useDefaultTextSize="True">
                <font family="Segoe+UI" displayName="Segoe+UI" postScript="" weightStyle="Regular" weight="400" isBold="False" isItalic="False"/>
                <text>Details</text>
              </textSet>
              <selectedIndex>-1</selectedIndex>
              <selectedColor>4282501083</selectedColor>
              <textPadding>0</textPadding>
            </controlProperties>
          </control>
          <control controlID="BFA3FB73-F98B-4066-AF3A-61C56570ED99" controlTypeID="TextArea" isShow="True" caption="Text+Area" x="305" y="144" w="240" h="24" measuredW="0" measuredH="90" zOrder="11" locked="False" sizeLocked="False">
            <controlProperties>
              <basic color="16777215" borderVisible="False" borderColor="4284900966" isAutoSize="False" status="MsEnabled" opacity="1" isCommentCom="False" canMove="True" alias="" rotation="0"/>
              <states/>
              <verticalScrollbarShow>False</verticalScrollbarShow>
              <verticalScrollbarProgress>0</verticalScrollbarProgress>
              <horizontalScrollbarShow>False</horizontalScrollbarShow>
              <horizontalScrollbarProgress>0</horizontalScrollbarProgress>
              <links eventType="AtClick" animate="AmNone" animateAutoDelay="0" animateDuration="500">
                <link targetPageID="" linkType="ltPageLink" isApplyIncludePage="False" title="Link">
                  <area shape="0" alt="" ID="{1CADD982-2B50-4F75-ACD1-FE9B59E052AA}" coords="(0,0,240,24)"/>
                </link>
              </links>
              <interactiveData>
                <entry title="">
                  <area shape="0" alt="" ID="{F1AA12C7-5659-4BDF-8357-E15BC92B4E55}" coords="(0,0,240,24)"/>
                  <events title=""/>
                </entry>
              </interactiveData>
              <textSet textColor="4278190080" textSize="16" lineSpacingMultiple="1" textAlign="HaLeft" textVAlign="VaTop" textWordWrap="True" lineSpacing="21" textStyles="[fsBold]" useDefaultTextSize="False">
                <font family="Segoe+UI" displayName="Segoe+UI+Bold" postScript="" weightStyle="Bold" weight="700" isBold="True" isItalic="False"/>
                <text>KanBan+project</text>
              </textSet>
              <selectedIndex>-1</selectedIndex>
              <selectedColor>4282501083</selectedColor>
              <textPadding>0</textPadding>
            </controlProperties>
          </control>
          <control controlID="695D5E56-FDB0-457B-8EEF-81C7F3C32139" controlTypeID="TextArea" isShow="True" caption="Text+Area" x="305" y="178" w="240" h="24" measuredW="0" measuredH="90" zOrder="12" locked="False" sizeLocked="False">
            <controlProperties>
              <basic color="16777215" borderVisible="False" borderColor="4284900966" isAutoSize="False" status="MsEnabled" opacity="1" isCommentCom="False" canMove="True" alias="" rotation="0"/>
              <states/>
              <verticalScrollbarShow>False</verticalScrollbarShow>
              <verticalScrollbarProgress>0</verticalScrollbarProgress>
              <horizontalScrollbarShow>False</horizontalScrollbarShow>
              <horizontalScrollbarProgress>0</horizontalScrollbarProgress>
              <links eventType="AtClick" animate="AmNone" animateAutoDelay="0" animateDuration="500">
                <link targetPageID="" linkType="ltPageLink" isApplyIncludePage="False" title="Link">
                  <area shape="0" alt="" ID="{1CADD982-2B50-4F75-ACD1-FE9B59E052AA}" coords="(0,0,240,24)"/>
                </link>
              </links>
              <interactiveData>
                <entry title="">
                  <area shape="0" alt="" ID="{F1AA12C7-5659-4BDF-8357-E15BC92B4E55}" coords="(0,0,240,24)"/>
                  <events title=""/>
                </entry>
              </interactiveData>
              <textSet textColor="4278190080" textSize="16" lineSpacingMultiple="1" textAlign="HaLeft" textVAlign="VaTop" textWordWrap="True" lineSpacing="21" textStyles="[fsBold]" useDefaultTextSize="False">
                <font family="Segoe+UI" displayName="Segoe+UI+Bold" postScript="" weightStyle="Bold" weight="700" isBold="True" isItalic="False"/>
                <text>12.5.2017</text>
              </textSet>
              <selectedIndex>-1</selectedIndex>
              <selectedColor>4282501083</selectedColor>
              <textPadding>0</textPadding>
            </controlProperties>
          </control>
          <control controlID="A0EA6385-FEEA-4B64-8EEE-3920A6CA30C1" controlTypeID="TextArea" isShow="True" caption="Text+Area" x="305" y="212" w="240" h="24" measuredW="0" measuredH="90" zOrder="13" locked="False" sizeLocked="False">
            <controlProperties>
              <basic color="16777215" borderVisible="False" borderColor="4284900966" isAutoSize="False" status="MsEnabled" opacity="1" isCommentCom="False" canMove="True" alias="" rotation="0"/>
              <states/>
              <verticalScrollbarShow>False</verticalScrollbarShow>
              <verticalScrollbarProgress>0</verticalScrollbarProgress>
              <horizontalScrollbarShow>False</horizontalScrollbarShow>
              <horizontalScrollbarProgress>0</horizontalScrollbarProgress>
              <links eventType="AtClick" animate="AmNone" animateAutoDelay="0" animateDuration="500">
                <link targetPageID="" linkType="ltPageLink" isApplyIncludePage="False" title="Link">
                  <area shape="0" alt="" ID="{1CADD982-2B50-4F75-ACD1-FE9B59E052AA}" coords="(0,0,240,24)"/>
                </link>
              </links>
              <interactiveData>
                <entry title="">
                  <area shape="0" alt="" ID="{F1AA12C7-5659-4BDF-8357-E15BC92B4E55}" coords="(0,0,240,24)"/>
                  <events title=""/>
                </entry>
              </interactiveData>
              <textSet textColor="4278190080" textSize="16" lineSpacingMultiple="1" textAlign="HaLeft" textVAlign="VaTop" textWordWrap="True" lineSpacing="21" textStyles="[fsBold]" useDefaultTextSize="False">
                <font family="Segoe+UI" displayName="Segoe+UI+Bold" postScript="" weightStyle="Bold" weight="700" isBold="True" isItalic="False"/>
                <text>12.8.2017</text>
              </textSet>
              <selectedIndex>-1</selectedIndex>
              <selectedColor>4282501083</selectedColor>
              <textPadding>0</textPadding>
            </controlProperties>
          </control>
          <control controlID="F6E7672D-190C-4C28-884C-D1750F13463D" controlTypeID="TextArea" isShow="True" caption="Text+Area" x="305" y="246" w="240" h="24" measuredW="0" measuredH="90" zOrder="14" locked="False" sizeLocked="False">
            <controlProperties>
              <basic color="16777215" borderVisible="False" borderColor="4284900966" isAutoSize="False" status="MsEnabled" opacity="1" isCommentCom="False" canMove="True" alias="" rotation="0"/>
              <states/>
              <verticalScrollbarShow>False</verticalScrollbarShow>
              <verticalScrollbarProgress>0</verticalScrollbarProgress>
              <horizontalScrollbarShow>False</horizontalScrollbarShow>
              <horizontalScrollbarProgress>0</horizontalScrollbarProgress>
              <links eventType="AtClick" animate="AmNone" animateAutoDelay="0" animateDuration="500">
                <link targetPageID="" linkType="ltPageLink" isApplyIncludePage="False" title="Link">
                  <area shape="0" alt="" ID="{1CADD982-2B50-4F75-ACD1-FE9B59E052AA}" coords="(0,0,240,24)"/>
                </link>
              </links>
              <interactiveData>
                <entry title="">
                  <area shape="0" alt="" ID="{F1AA12C7-5659-4BDF-8357-E15BC92B4E55}" coords="(0,0,240,24)"/>
                  <events title=""/>
                </entry>
              </interactiveData>
              <textSet textColor="4278190080" textSize="16" lineSpacingMultiple="1" textAlign="HaLeft" textVAlign="VaTop" textWordWrap="True" lineSpacing="21" textStyles="[fsBold]" useDefaultTextSize="False">
                <font family="Segoe+UI" displayName="Segoe+UI+Bold" postScript="" weightStyle="Bold" weight="700" isBold="True" isItalic="False"/>
                <text>1000$%2Fmonth</text>
              </textSet>
              <selectedIndex>-1</selectedIndex>
              <selectedColor>4282501083</selectedColor>
              <textPadding>0</textPadding>
            </controlProperties>
          </control>
          <control controlID="B7882560-F4F6-404F-A93C-B8A27712680E" controlTypeID="TextArea" isShow="True" caption="Text+Area" x="305" y="280" w="240" h="24" measuredW="0" measuredH="90" zOrder="15" locked="False" sizeLocked="False">
            <controlProperties>
              <basic color="16777215" borderVisible="False" borderColor="4284900966" isAutoSize="False" status="MsEnabled" opacity="1" isCommentCom="False" canMove="True" alias="" rotation="0"/>
              <states/>
              <verticalScrollbarShow>False</verticalScrollbarShow>
              <verticalScrollbarProgress>0</verticalScrollbarProgress>
              <horizontalScrollbarShow>False</horizontalScrollbarShow>
              <horizontalScrollbarProgress>0</horizontalScrollbarProgress>
              <links eventType="AtClick" animate="AmNone" animateAutoDelay="0" animateDuration="500">
                <link targetPageID="" linkType="ltPageLink" isApplyIncludePage="False" title="Link">
                  <area shape="0" alt="" ID="{1CADD982-2B50-4F75-ACD1-FE9B59E052AA}" coords="(0,0,240,24)"/>
                </link>
              </links>
              <interactiveData>
                <entry title="">
                  <area shape="0" alt="" ID="{F1AA12C7-5659-4BDF-8357-E15BC92B4E55}" coords="(0,0,240,24)"/>
                  <events title=""/>
                </entry>
              </interactiveData>
              <textSet textColor="4278190080" textSize="16" lineSpacingMultiple="1" textAlign="HaLeft" textVAlign="VaTop" textWordWrap="True" lineSpacing="21" textStyles="[fsBold]" useDefaultTextSize="False">
                <font family="Segoe+UI" displayName="Segoe+UI+Bold" postScript="" weightStyle="Bold" weight="700" isBold="True" isItalic="False"/>
                <text>C%2B%2B%2C+C%2C+SQL%2C+iOS</text>
              </textSet>
              <selectedIndex>-1</selectedIndex>
              <selectedColor>4282501083</selectedColor>
              <textPadding>0</textPadding>
            </controlProperties>
          </control>
          <control controlID="8432686D-32A6-49B3-923D-13114B2143AA" controlTypeID="TextArea" isShow="True" caption="Text+Area" x="305" y="314" w="240" h="24" measuredW="0" measuredH="90" zOrder="16" locked="False" sizeLocked="False">
            <controlProperties>
              <basic color="16777215" borderVisible="False" borderColor="4284900966" isAutoSize="False" status="MsEnabled" opacity="1" isCommentCom="False" canMove="True" alias="" rotation="0"/>
              <states/>
              <verticalScrollbarShow>False</verticalScrollbarShow>
              <verticalScrollbarProgress>0</verticalScrollbarProgress>
              <horizontalScrollbarShow>False</horizontalScrollbarShow>
              <horizontalScrollbarProgress>0</horizontalScrollbarProgress>
              <links eventType="AtClick" animate="AmNone" animateAutoDelay="0" animateDuration="500">
                <link targetPageID="" linkType="ltPageLink" isApplyIncludePage="False" title="Link">
                  <area shape="0" alt="" ID="{1CADD982-2B50-4F75-ACD1-FE9B59E052AA}" coords="(0,0,240,24)"/>
                </link>
              </links>
              <interactiveData>
                <entry title="">
                  <area shape="0" alt="" ID="{F1AA12C7-5659-4BDF-8357-E15BC92B4E55}" coords="(0,0,240,24)"/>
                  <events title=""/>
                </entry>
              </interactiveData>
              <textSet textColor="4278190080" textSize="16" lineSpacingMultiple="1" textAlign="HaLeft" textVAlign="VaTop" textWordWrap="True" lineSpacing="21" textStyles="[fsBold]" useDefaultTextSize="False">
                <font family="Segoe+UI" displayName="Segoe+UI+Bold" postScript="" weightStyle="Bold" weight="700" isBold="True" isItalic="False"/>
                <text>Berlin</text>
              </textSet>
              <selectedIndex>-1</selectedIndex>
              <selectedColor>4282501083</selectedColor>
              <textPadding>0</textPadding>
            </controlProperties>
          </control>
          <control controlID="C713DE57-9945-4F21-AFDF-D29A7338DA9C" controlTypeID="TextArea" isShow="True" caption="Text+Area" x="305" y="348" w="240" h="24" measuredW="0" measuredH="90" zOrder="17" locked="False" sizeLocked="False">
            <controlProperties>
              <basic color="16777215" borderVisible="False" borderColor="4284900966" isAutoSize="False" status="MsEnabled" opacity="1" isCommentCom="False" canMove="True" alias="" rotation="0"/>
              <states/>
              <verticalScrollbarShow>False</verticalScrollbarShow>
              <verticalScrollbarProgress>0</verticalScrollbarProgress>
              <horizontalScrollbarShow>False</horizontalScrollbarShow>
              <horizontalScrollbarProgress>0</horizontalScrollbarProgress>
              <links eventType="AtClick" animate="AmNone" animateAutoDelay="0" animateDuration="500">
                <link targetPageID="" linkType="ltPageLink" isApplyIncludePage="False" title="Link">
                  <area shape="0" alt="" ID="{1CADD982-2B50-4F75-ACD1-FE9B59E052AA}" coords="(0,0,240,24)"/>
                </link>
              </links>
              <interactiveData>
                <entry title="">
                  <area shape="0" alt="" ID="{F1AA12C7-5659-4BDF-8357-E15BC92B4E55}" coords="(0,0,240,24)"/>
                  <events title=""/>
                </entry>
              </interactiveData>
              <textSet textColor="4278190080" textSize="16" lineSpacingMultiple="1" textAlign="HaLeft" textVAlign="VaTop" textWordWrap="True" lineSpacing="21" textStyles="[fsBold]" useDefaultTextSize="False">
                <font family="Segoe+UI" displayName="Segoe+UI+Bold" postScript="" weightStyle="Bold" weight="700" isBold="True" isItalic="False"/>
                <text>Germany</text>
              </textSet>
              <selectedIndex>-1</selectedIndex>
              <selectedColor>4282501083</selectedColor>
              <textPadding>0</textPadding>
            </controlProperties>
          </control>
          <control controlID="27F4CFCA-2490-4044-A35A-AAFDEB03CBEC" controlTypeID="TextArea" isShow="True" caption="Text+Area" x="305" y="382" w="406" h="180" measuredW="0" measuredH="90" zOrder="18" locked="False" sizeLocked="False">
            <controlProperties>
              <basic color="16777215" borderVisible="False" borderColor="4284900966" isAutoSize="False" status="MsEnabled" opacity="1" isCommentCom="False" canMove="True" alias="" rotation="0"/>
              <states/>
              <verticalScrollbarShow>False</verticalScrollbarShow>
              <verticalScrollbarProgress>0</verticalScrollbarProgress>
              <horizontalScrollbarShow>False</horizontalScrollbarShow>
              <horizontalScrollbarProgress>0</horizontalScrollbarProgress>
              <links eventType="AtClick" animate="AmNone" animateAutoDelay="0" animateDuration="500">
                <link targetPageID="" linkType="ltPageLink" isApplyIncludePage="False" title="Link">
                  <area shape="0" alt="" ID="{922962EF-194D-4BDD-9000-E240F3E20CC6}" coords="(0,0,406,180)"/>
                </link>
              </links>
              <interactiveData>
                <entry title="">
                  <area shape="0" alt="" ID="{899A3F24-752F-4DF9-B4E2-32AE8AA38A03}" coords="(0,0,406,180)"/>
                  <events title=""/>
                </entry>
              </interactiveData>
              <textSet textColor="4278190080" textSize="16" lineSpacingMultiple="1" textAlign="HaLeft" textVAlign="VaTop" textWordWrap="True" lineSpacing="21" textStyles="[fsBold]" useDefaultTextSize="False">
                <font family="Segoe+UI" displayName="Segoe+UI+Bold" postScript="" weightStyle="Bold" weight="700" isBold="True" isItalic="False"/>
                <text>Proin+luctus+semper+lobortis.+Nunc+efficitur+ipsum+a+nisl+euismod+porttitor.+Phasellus+ac+imperdiet+odio.+Proin+commodo+mattis+justo+vel+gravida.+In+sollicitudin+hendrerit+elit+eu+dapibus.+Phasellus+ut+tortor+a+dui+viverra+posuere+id+id+lorem.+Nulla+et+eros+efficitur%2C+pharetra+felis+quis%2C+mollis+felis.%0D%0A</text>
              </textSet>
              <selectedIndex>-1</selectedIndex>
              <selectedColor>4282501083</selectedColor>
              <textPadding>0</textPadding>
            </controlProperties>
          </control>
          <control controlID="2BC99B32-24F9-4A5E-86BC-00682F7EF737" controlTypeID="Label" isShow="True" caption="Label" x="168" y="524" w="61" h="19" measuredW="0" measuredH="0" zOrder="19" locked="False" sizeLocked="False">
            <controlProperties>
              <basic color="0" borderVisible="True" borderColor="4284900966" isAutoSize="True" status="MsEnabled" opacity="1" isCommentCom="False" canMove="True" alias="" rotation="0"/>
              <states/>
              <verticalScrollbarShow>False</verticalScrollbarShow>
              <verticalScrollbarProgress>0</verticalScrollbarProgress>
              <horizontalScrollbarShow>False</horizontalScrollbarShow>
              <horizontalScrollbarProgress>0</horizontalScrollbarProgress>
              <links eventType="AtClick" animate="AmNone" animateAutoDelay="0" animateDuration="500">
                <link targetPageID="" linkType="ltPageLink" isApplyIncludePage="False" title="Link">
                  <area shape="0" alt="" ID="{B460FF15-891F-451C-9260-27C380F35CFB}" coords="(0,0,61,19)"/>
                </link>
              </links>
              <interactiveData>
                <entry title="">
                  <area shape="0" alt="" ID="{D93355FB-CB65-4DB3-BA6B-0A75D16298D8}" coords="(0,0,61,19)"/>
                  <events title=""/>
                </entry>
              </interactiveData>
              <textSet textColor="4278190080" textSize="14" lineSpacingMultiple="1" textAlign="HaLeft" textVAlign="VaTop" textWordWrap="True" lineSpacing="19" textStyles="[]" useDefaultTextSize="True">
                <font family="Segoe+UI" displayName="Segoe+UI" postScript="" weightStyle="Regular" weight="400" isBold="False" isItalic="False"/>
                <text>Submitter</text>
              </textSet>
              <selectedIndex>-1</selectedIndex>
              <selectedColor>4282501083</selectedColor>
              <textPadding>0</textPadding>
            </controlProperties>
          </control>
          <control controlID="220977E0-F446-4A7C-A685-1066D5021CA7" controlTypeID="Label" isShow="True" caption="Label" x="168" y="553" w="37" h="19" measuredW="0" measuredH="0" zOrder="20" locked="False" sizeLocked="False">
            <controlProperties>
              <basic color="0" borderVisible="True" borderColor="4284900966" isAutoSize="True" status="MsEnabled" opacity="1" isCommentCom="False" canMove="True" alias="" rotation="0"/>
              <states/>
              <verticalScrollbarShow>False</verticalScrollbarShow>
              <verticalScrollbarProgress>0</verticalScrollbarProgress>
              <horizontalScrollbarShow>False</horizontalScrollbarShow>
              <horizontalScrollbarProgress>0</horizontalScrollbarProgress>
              <links eventType="AtClick" animate="AmNone" animateAutoDelay="0" animateDuration="500">
                <link targetPageID="" linkType="ltPageLink" isApplyIncludePage="False" title="Link">
                  <area shape="0" alt="" ID="{B460FF15-891F-451C-9260-27C380F35CFB}" coords="(0,0,37,19)"/>
                </link>
              </links>
              <interactiveData>
                <entry title="">
                  <area shape="0" alt="" ID="{D93355FB-CB65-4DB3-BA6B-0A75D16298D8}" coords="(0,0,37,19)"/>
                  <events title=""/>
                </entry>
              </interactiveData>
              <textSet textColor="4278190080" textSize="14" lineSpacingMultiple="1" textAlign="HaLeft" textVAlign="VaTop" textWordWrap="True" lineSpacing="19" textStyles="[]" useDefaultTextSize="True">
                <font family="Segoe+UI" displayName="Segoe+UI" postScript="" weightStyle="Regular" weight="400" isBold="False" isItalic="False"/>
                <text>Status</text>
              </textSet>
              <selectedIndex>-1</selectedIndex>
              <selectedColor>4282501083</selectedColor>
              <textPadding>0</textPadding>
            </controlProperties>
          </control>
          <control controlID="62506C15-100A-4731-8EF9-F269F361CE84" controlTypeID="TextArea" isShow="True" caption="Text+Area" x="305" y="522" w="240" h="24" measuredW="0" measuredH="90" zOrder="21" locked="False" sizeLocked="False">
            <controlProperties>
              <basic color="16777215" borderVisible="False" borderColor="4284900966" isAutoSize="False" status="MsEnabled" opacity="1" isCommentCom="False" canMove="True" alias="" rotation="0"/>
              <states/>
              <verticalScrollbarShow>False</verticalScrollbarShow>
              <verticalScrollbarProgress>0</verticalScrollbarProgress>
              <horizontalScrollbarShow>False</horizontalScrollbarShow>
              <horizontalScrollbarProgress>0</horizontalScrollbarProgress>
              <links eventType="AtClick" animate="AmNone" animateAutoDelay="0" animateDuration="500">
                <link targetPageID="" linkType="ltPageLink" isApplyIncludePage="False" title="Link">
                  <area shape="0" alt="" ID="{1CADD982-2B50-4F75-ACD1-FE9B59E052AA}" coords="(0,0,240,24)"/>
                </link>
              </links>
              <interactiveData>
                <entry title="">
                  <area shape="0" alt="" ID="{F1AA12C7-5659-4BDF-8357-E15BC92B4E55}" coords="(0,0,240,24)"/>
                  <events title=""/>
                </entry>
              </interactiveData>
              <textSet textColor="4278190080" textSize="16" lineSpacingMultiple="1" textAlign="HaLeft" textVAlign="VaTop" textWordWrap="True" lineSpacing="21" textStyles="[fsBold]" useDefaultTextSize="False">
                <font family="Segoe+UI" displayName="Segoe+UI+Bold" postScript="" weightStyle="Bold" weight="700" isBold="True" isItalic="False"/>
                <text>A.+Schmitzon</text>
              </textSet>
              <selectedIndex>-1</selectedIndex>
              <selectedColor>4282501083</selectedColor>
              <textPadding>0</textPadding>
            </controlProperties>
          </control>
          <control controlID="30D88C11-AF87-4B3B-8310-199BA3D4B8F5" controlTypeID="TextArea" isShow="True" caption="Text+Area" x="305" y="550" w="240" h="24" measuredW="0" measuredH="90" zOrder="22" locked="False" sizeLocked="False">
            <controlProperties>
              <basic color="16777215" borderVisible="False" borderColor="4284900966" isAutoSize="False" status="MsEnabled" opacity="1" isCommentCom="False" canMove="True" alias="" rotation="0"/>
              <states/>
              <verticalScrollbarShow>False</verticalScrollbarShow>
              <verticalScrollbarProgress>0</verticalScrollbarProgress>
              <horizontalScrollbarShow>False</horizontalScrollbarShow>
              <horizontalScrollbarProgress>0</horizontalScrollbarProgress>
              <links eventType="AtClick" animate="AmNone" animateAutoDelay="0" animateDuration="500">
                <link targetPageID="" linkType="ltPageLink" isApplyIncludePage="False" title="Link">
                  <area shape="0" alt="" ID="{1CADD982-2B50-4F75-ACD1-FE9B59E052AA}" coords="(0,0,240,24)"/>
                </link>
              </links>
              <interactiveData>
                <entry title="">
                  <area shape="0" alt="" ID="{F1AA12C7-5659-4BDF-8357-E15BC92B4E55}" coords="(0,0,240,24)"/>
                  <events title=""/>
                </entry>
              </interactiveData>
              <textSet textColor="4278190080" textSize="16" lineSpacingMultiple="1" textAlign="HaLeft" textVAlign="VaTop" textWordWrap="True" lineSpacing="21" textStyles="[fsBold,fsItalic]" useDefaultTextSize="False">
                <font family="Segoe+UI" displayName="Segoe+UI+Bold+Italic" postScript="" weightStyle="Bold+Italic" weight="700" isBold="True" isItalic="True"/>
                <text>Pending</text>
              </textSet>
              <selectedIndex>-1</selectedIndex>
              <selectedColor>4282501083</selectedColor>
              <textPadding>0</textPadding>
            </controlProperties>
          </control>
          <control controlID="14FFC450-74DE-4E83-9646-6A34E5F28F4C" controlTypeID="Button" isShow="True" caption="Button" x="168" y="649" w="543" h="28" measuredW="100" measuredH="24" zOrder="23" locked="False" sizeLocked="False">
            <controlProperties>
              <basic color="4294967295" borderVisible="True" borderColor="4284900966" isAutoSize="False" status="MsEnabled" opacity="1" isCommentCom="False" canMove="True" alias="" rotation="0"/>
              <states/>
              <verticalScrollbarShow>False</verticalScrollbarShow>
              <verticalScrollbarProgress>0</verticalScrollbarProgress>
              <horizontalScrollbarShow>False</horizontalScrollbarShow>
              <horizontalScrollbarProgress>0</horizontalScrollbarProgress>
              <links eventType="AtClick" animate="AmNone" animateAutoDelay="0" animateDuration="500">
                <link targetPageID="FCFED5C4-EECC-4728-B770-468E18B73238" linkType="ltPageLink" isApplyIncludePage="False" title="Jobs+prof">
                  <area shape="0" alt="" ID="{040B2EE2-F1CC-45D5-866B-723ED47ADF06}" coords="(0,0,543,28)"/>
                </link>
              </links>
              <interactiveData>
                <entry title="">
                  <area shape="0" alt="" ID="{70B8EA08-DCA0-47CA-8DF2-3891D06DA73A}" coords="(0,0,543,28)"/>
                  <events title=""/>
                </entry>
              </interactiveData>
              <textSet textColor="4278190080" textSize="14" lineSpacingMultiple="1" textAlign="HaCenter" textVAlign="VaMiddle" textWordWrap="True" lineSpacing="19" textStyles="[]" useDefaultTextSize="True">
                <font family="Segoe+UI" displayName="Segoe+UI" postScript="" weightStyle="Regular" weight="400" isBold="False" isItalic="False"/>
                <text>Back</text>
              </textSet>
              <selectedIndex>-1</selectedIndex>
              <selectedColor>4282501083</selectedColor>
              <textPadding>0</textPadding>
              <radius>4</radius>
              <radiusIsPercent>False</radiusIsPercent>
              <buttonStatus>BsNormal</buttonStatus>
              <thickness>1</thickness>
              <isAutoTextColor>False</isAutoTextColor>
              <borderColor>4284900966</borderColor>
            </controlProperties>
          </control>
          <control controlID="9DFDDA69-A4D3-490B-B653-48CE621128E8" controlTypeID="Button" isShow="True" caption="Button" x="50" y="184" w="70" h="28" measuredW="100" measuredH="24" zOrder="24" locked="False" sizeLocked="False">
            <controlProperties>
              <basic color="4294967295" borderVisible="True" borderColor="4284900966" isAutoSize="False" status="MsEnabled" opacity="1" isCommentCom="False" canMove="True" alias="" rotation="0"/>
              <states/>
              <verticalScrollbarShow>False</verticalScrollbarShow>
              <verticalScrollbarProgress>0</verticalScrollbarProgress>
              <horizontalScrollbarShow>False</horizontalScrollbarShow>
              <horizontalScrollbarProgress>0</horizontalScrollbarProgress>
              <links eventType="AtClick" animate="AmNone" animateAutoDelay="0" animateDuration="500">
                <link targetPageID="A2C150D4-0525-40CE-95AB-B04E23534561" linkType="ltPageLink" isApplyIncludePage="False" title="Account+page+admin">
                  <area shape="0" alt="" ID="{C1FC167A-AA06-404B-80F1-2CF337DB1887}" coords="(0,0,70,28)"/>
                </link>
              </links>
              <interactiveData>
                <entry title="">
                  <area shape="0" alt="" ID="{44FF25B3-DFC8-4826-9E3F-A2A37E01048D}" coords="(0,0,70,28)"/>
                  <events title=""/>
                </entry>
              </interactiveData>
              <textSet textColor="4278190080" textSize="14" lineSpacingMultiple="1" textAlign="HaCenter" textVAlign="VaMiddle" textWordWrap="True" lineSpacing="19" textStyles="[]" useDefaultTextSize="True">
                <font family="Segoe+UI" displayName="Segoe+UI" postScript="" weightStyle="Regular" weight="400" isBold="False" isItalic="False"/>
                <text>Account</text>
              </textSet>
              <selectedIndex>-1</selectedIndex>
              <selectedColor>4282501083</selectedColor>
              <textPadding>0</textPadding>
              <radius>4</radius>
              <radiusIsPercent>False</radiusIsPercent>
              <buttonStatus>BsNormal</buttonStatus>
              <thickness>1</thickness>
              <isAutoTextColor>False</isAutoTextColor>
              <borderColor>4284900966</borderColor>
            </controlProperties>
          </control>
          <control controlID="B2561BA0-E528-4809-83DA-9862620579DA" controlTypeID="Button" isShow="True" caption="Button" x="50" y="298" w="70" h="28" measuredW="100" measuredH="24" zOrder="25" locked="False" sizeLocked="False">
            <controlProperties>
              <basic color="4294967295" borderVisible="True" borderColor="4284900966" isAutoSize="False" status="MsEnabled" opacity="1" isCommentCom="False" canMove="True" alias="" rotation="0"/>
              <states/>
              <verticalScrollbarShow>False</verticalScrollbarShow>
              <verticalScrollbarProgress>0</verticalScrollbarProgress>
              <horizontalScrollbarShow>False</horizontalScrollbarShow>
              <horizontalScrollbarProgress>0</horizontalScrollbarProgress>
              <links eventType="AtClick" animate="AmNone" animateAutoDelay="0" animateDuration="500">
                <link targetPageID="FCFED5C4-EECC-4728-B770-468E18B73238" linkType="ltPageLink" isApplyIncludePage="False" title="Jobs+admin">
                  <area shape="0" alt="" ID="{27A31FD1-CD4C-4580-9F9B-13D1842843C9}" coords="(0,0,70,28)"/>
                </link>
              </links>
              <interactiveData>
                <entry title="">
                  <area shape="0" alt="" ID="{D9CD907F-0785-4D22-97D1-5F33C8CD3C08}" coords="(0,0,70,28)"/>
                  <events title=""/>
                </entry>
              </interactiveData>
              <textSet textColor="4278190080" textSize="14" lineSpacingMultiple="1" textAlign="HaCenter" textVAlign="VaMiddle" textWordWrap="True" lineSpacing="19" textStyles="[]" useDefaultTextSize="True">
                <font family="Segoe+UI" displayName="Segoe+UI" postScript="" weightStyle="Regular" weight="400" isBold="False" isItalic="False"/>
                <text>Jobs</text>
              </textSet>
              <selectedIndex>-1</selectedIndex>
              <selectedColor>4282501083</selectedColor>
              <textPadding>0</textPadding>
              <radius>4</radius>
              <radiusIsPercent>False</radiusIsPercent>
              <buttonStatus>BsNormal</buttonStatus>
              <thickness>1</thickness>
              <isAutoTextColor>False</isAutoTextColor>
              <borderColor>4284900966</borderColor>
            </controlProperties>
          </control>
          <control controlID="59899261-DBED-4711-AB99-E146B43C266B" controlTypeID="Button" isShow="True" caption="Button" x="50" y="375" w="70" h="28" measuredW="100" measuredH="24" zOrder="26" locked="False" sizeLocked="False">
            <controlProperties>
              <basic color="4294967295" borderVisible="True" borderColor="4284900966" isAutoSize="False" status="MsEnabled" opacity="1" isCommentCom="False" canMove="True" alias="" rotation="0"/>
              <states/>
              <verticalScrollbarShow>False</verticalScrollbarShow>
              <verticalScrollbarProgress>0</verticalScrollbarProgress>
              <horizontalScrollbarShow>False</horizontalScrollbarShow>
              <horizontalScrollbarProgress>0</horizontalScrollbarProgress>
              <links eventType="AtClick" animate="AmNone" animateAutoDelay="0" animateDuration="500">
                <link targetPageID="2B9D7D6F-E471-4B4C-8DFB-16716D124610" linkType="ltPageLink" isApplyIncludePage="False" title="Log+in+page">
                  <area shape="0" alt="" ID="{974EFFD2-B19D-473C-8022-81C683140D14}" coords="(0,0,70,28)"/>
                </link>
              </links>
              <interactiveData>
                <entry title="">
                  <area shape="0" alt="" ID="{6C300DDF-BCCB-43EC-9087-FA40F0A89CDE}" coords="(0,0,70,28)"/>
                  <events title=""/>
                </entry>
              </interactiveData>
              <textSet textColor="4278190080" textSize="14" lineSpacingMultiple="1" textAlign="HaCenter" textVAlign="VaMiddle" textWordWrap="True" lineSpacing="19" textStyles="[]" useDefaultTextSize="True">
                <font family="Segoe+UI" displayName="Segoe+UI" postScript="" weightStyle="Regular" weight="400" isBold="False" isItalic="False"/>
                <text>Log+Out</text>
              </textSet>
              <selectedIndex>-1</selectedIndex>
              <selectedColor>4282501083</selectedColor>
              <textPadding>0</textPadding>
              <radius>4</radius>
              <radiusIsPercent>False</radiusIsPercent>
              <buttonStatus>BsNormal</buttonStatus>
              <thickness>1</thickness>
              <isAutoTextColor>False</isAutoTextColor>
              <borderColor>4284900966</borderColor>
            </controlProperties>
          </control>
          <control controlID="681FB402-4E38-491F-89F9-4B5EEE642CC4" controlTypeID="Button" isShow="True" caption="Button" x="50" y="142" w="70" h="28" measuredW="100" measuredH="24" zOrder="27" locked="False" sizeLocked="False">
            <controlProperties>
              <basic color="4294967295" borderVisible="True" borderColor="4284900966" isAutoSize="False" status="MsEnabled" opacity="1" isCommentCom="False" canMove="True" alias="" rotation="0"/>
              <states/>
              <verticalScrollbarShow>False</verticalScrollbarShow>
              <verticalScrollbarProgress>0</verticalScrollbarProgress>
              <horizontalScrollbarShow>False</horizontalScrollbarShow>
              <horizontalScrollbarProgress>0</horizontalScrollbarProgress>
              <links eventType="AtClick" animate="AmNone" animateAutoDelay="0" animateDuration="500">
                <link targetPageID="C26D56AA-FCE4-43E6-ACBA-6EC8E34A8DEE" linkType="ltPageLink" isApplyIncludePage="False" title="HomeAdmin">
                  <area shape="0" alt="" ID="{C1FC167A-AA06-404B-80F1-2CF337DB1887}" coords="(0,0,70,28)"/>
                </link>
              </links>
              <interactiveData>
                <entry title="">
                  <area shape="0" alt="" ID="{44FF25B3-DFC8-4826-9E3F-A2A37E01048D}" coords="(0,0,70,28)"/>
                  <events title=""/>
                </entry>
              </interactiveData>
              <textSet textColor="4278190080" textSize="14" lineSpacingMultiple="1" textAlign="HaCenter" textVAlign="VaMiddle" textWordWrap="True" lineSpacing="19" textStyles="[]" useDefaultTextSize="True">
                <font family="Segoe+UI" displayName="Segoe+UI" postScript="" weightStyle="Regular" weight="400" isBold="False" isItalic="False"/>
                <text>Home</text>
              </textSet>
              <selectedIndex>-1</selectedIndex>
              <selectedColor>4282501083</selectedColor>
              <textPadding>0</textPadding>
              <radius>4</radius>
              <radiusIsPercent>False</radiusIsPercent>
              <buttonStatus>BsNormal</buttonStatus>
              <thickness>1</thickness>
              <isAutoTextColor>False</isAutoTextColor>
              <borderColor>4284900966</borderColor>
            </controlProperties>
          </control>
          <control controlID="D01A04AE-F4A7-4763-80D5-7861CEA7DB63" controlTypeID="Button" isShow="True" caption="Button" x="50" y="222" w="70" h="28" measuredW="100" measuredH="24" zOrder="28" locked="False" sizeLocked="False">
            <controlProperties>
              <basic color="4294967295" borderVisible="True" borderColor="4284900966" isAutoSize="False" status="MsEnabled" opacity="1" isCommentCom="False" canMove="True" alias="" rotation="0"/>
              <states/>
              <verticalScrollbarShow>False</verticalScrollbarShow>
              <verticalScrollbarProgress>0</verticalScrollbarProgress>
              <horizontalScrollbarShow>False</horizontalScrollbarShow>
              <horizontalScrollbarProgress>0</horizontalScrollbarProgress>
              <links eventType="AtClick" animate="AmNone" animateAutoDelay="0" animateDuration="500">
                <link targetPageID="C2FF8490-DCFA-42E6-AF1E-329A6D2E01C6" linkType="ltPageLink" isApplyIncludePage="False" title="List+Users+admin">
                  <area shape="0" alt="" ID="{27A31FD1-CD4C-4580-9F9B-13D1842843C9}" coords="(0,0,70,28)"/>
                </link>
              </links>
              <interactiveData>
                <entry title="">
                  <area shape="0" alt="" ID="{D9CD907F-0785-4D22-97D1-5F33C8CD3C08}" coords="(0,0,70,28)"/>
                  <events title=""/>
                </entry>
              </interactiveData>
              <textSet textColor="4278190080" textSize="14" lineSpacingMultiple="1" textAlign="HaCenter" textVAlign="VaMiddle" textWordWrap="True" lineSpacing="19" textStyles="[]" useDefaultTextSize="True">
                <font family="Segoe+UI" displayName="Segoe+UI" postScript="" weightStyle="Regular" weight="400" isBold="False" isItalic="False"/>
                <text>Users</text>
              </textSet>
              <selectedIndex>-1</selectedIndex>
              <selectedColor>4282501083</selectedColor>
              <textPadding>0</textPadding>
              <radius>4</radius>
              <radiusIsPercent>False</radiusIsPercent>
              <buttonStatus>BsNormal</buttonStatus>
              <thickness>1</thickness>
              <isAutoTextColor>False</isAutoTextColor>
              <borderColor>4284900966</borderColor>
            </controlProperties>
          </control>
          <control controlID="3B7FB0E9-6E57-4300-89CC-37250855F173" controlTypeID="Button" isShow="True" caption="Button" x="50" y="260" w="70" h="28" measuredW="100" measuredH="24" zOrder="29" locked="False" sizeLocked="False">
            <controlProperties>
              <basic color="4294967295" borderVisible="True" borderColor="4284900966" isAutoSize="False" status="MsEnabled" opacity="1" isCommentCom="False" canMove="True" alias="" rotation="0"/>
              <states/>
              <verticalScrollbarShow>False</verticalScrollbarShow>
              <verticalScrollbarProgress>0</verticalScrollbarProgress>
              <horizontalScrollbarShow>False</horizontalScrollbarShow>
              <horizontalScrollbarProgress>0</horizontalScrollbarProgress>
              <links eventType="AtClick" animate="AmNone" animateAutoDelay="0" animateDuration="500">
                <link targetPageID="D0F375E0-5DA5-4BFB-B1A6-DB1BE8A2395E" linkType="ltPageLink" isApplyIncludePage="False" title="Add+user+admin">
                  <area shape="0" alt="" ID="{27A31FD1-CD4C-4580-9F9B-13D1842843C9}" coords="(0,0,70,28)"/>
                </link>
              </links>
              <interactiveData>
                <entry title="">
                  <area shape="0" alt="" ID="{D9CD907F-0785-4D22-97D1-5F33C8CD3C08}" coords="(0,0,70,28)"/>
                  <events title=""/>
                </entry>
              </interactiveData>
              <textSet textColor="4278190080" textSize="14" lineSpacingMultiple="1" textAlign="HaCenter" textVAlign="VaMiddle" textWordWrap="True" lineSpacing="19" textStyles="[]" useDefaultTextSize="True">
                <font family="Segoe+UI" displayName="Segoe+UI" postScript="" weightStyle="Regular" weight="400" isBold="False" isItalic="False"/>
                <text>Add+user</text>
              </textSet>
              <selectedIndex>-1</selectedIndex>
              <selectedColor>4282501083</selectedColor>
              <textPadding>0</textPadding>
              <radius>4</radius>
              <radiusIsPercent>False</radiusIsPercent>
              <buttonStatus>BsNormal</buttonStatus>
              <thickness>1</thickness>
              <isAutoTextColor>False</isAutoTextColor>
              <borderColor>4284900966</borderColor>
            </controlProperties>
          </control>
          <control controlID="185DB348-A0DC-416C-8D2D-42D5D91E6C5A" controlTypeID="Button" isShow="True" caption="Button" x="50" y="337" w="70" h="28" measuredW="100" measuredH="24" zOrder="30" locked="False" sizeLocked="False">
            <controlProperties>
              <basic color="4294967295" borderVisible="True" borderColor="4284900966" isAutoSize="False" status="MsEnabled" opacity="1" isCommentCom="False" canMove="True" alias="" rotation="0"/>
              <states/>
              <verticalScrollbarShow>False</verticalScrollbarShow>
              <verticalScrollbarProgress>0</verticalScrollbarProgress>
              <horizontalScrollbarShow>False</horizontalScrollbarShow>
              <horizontalScrollbarProgress>0</horizontalScrollbarProgress>
              <links eventType="AtClick" animate="AmNone" animateAutoDelay="0" animateDuration="500">
                <link targetPageID="81780A7D-C62A-4850-97D9-C17E3D28CFF4" linkType="ltPageLink" isApplyIncludePage="False" title="List+Reports+admin">
                  <area shape="0" alt="" ID="{1E8D2B03-C04B-416D-B244-39BBC83E457E}" coords="(0,0,70,28)"/>
                </link>
              </links>
              <interactiveData>
                <entry title="">
                  <area shape="0" alt="" ID="{4F95B575-3CCC-43F7-B203-B40D69EEE93E}" coords="(0,0,70,28)"/>
                  <events title=""/>
                </entry>
              </interactiveData>
              <textSet textColor="4278190080" textSize="14" lineSpacingMultiple="1" textAlign="HaCenter" textVAlign="VaMiddle" textWordWrap="True" lineSpacing="19" textStyles="[]" useDefaultTextSize="True">
                <font family="Segoe+UI" displayName="Segoe+UI" postScript="" weightStyle="Regular" weight="400" isBold="False" isItalic="False"/>
                <text>Reports</text>
              </textSet>
              <selectedIndex>-1</selectedIndex>
              <selectedColor>4282501083</selectedColor>
              <textPadding>0</textPadding>
              <radius>4</radius>
              <radiusIsPercent>False</radiusIsPercent>
              <buttonStatus>BsNormal</buttonStatus>
              <thickness>1</thickness>
              <isAutoTextColor>False</isAutoTextColor>
              <borderColor>4284900966</borderColor>
            </controlProperties>
          </control>
          <control controlID="C0AC3156-3EAC-42B2-B429-FBAC8D3EA203" controlTypeID="Border" isShow="True" caption="Border" x="0" y="0" w="1060" h="700" measuredW="0" measuredH="0" zOrder="31" locked="True" sizeLocked="False">
            <controlProperties>
              <basic color="4294967295" borderVisible="True" borderColor="4284900966" isAutoSize="False" status="MsEnabled" opacity="1" isCommentCom="False" canMove="True" alias="borderLayer" rotation="0"/>
              <states/>
              <verticalScrollbarShow>False</verticalScrollbarShow>
              <verticalScrollbarProgress>0</verticalScrollbarProgress>
              <horizontalScrollbarShow>False</horizontalScrollbarShow>
              <horizontalScrollbarProgress>0</horizontalScrollbarProgress>
              <links eventType="AtClick" animate="AmNone" animateAutoDelay="0" animateDuration="500">
                <link targetPageID="" linkType="ltPageLink" isApplyIncludePage="False" title="Link">
                  <area shape="0" alt="" ID="{E69CC78F-4F0F-40D7-A166-C14A3B788F7F}" coords="(0,0,1060,700)"/>
                </link>
              </links>
              <interactiveData>
                <entry title="">
                  <area shape="0" alt="" ID="{4AD52A31-3509-457D-B41D-DF2F78EBC220}" coords="(0,0,1060,700)"/>
                  <events title=""/>
                </entry>
              </interactiveData>
              <thickness>1</thickness>
              <dashMode>SdSolid</dashMode>
            </controlProperties>
          </control>
        </groupChildrenDescriptors>
        <thinkness>1</thinkness>
        <dashMode>SdSolid</dashMode>
      </controlProperties>
    </control>
  </controls>
  <param>
    <backgroundColor>4294967295</backgroundColor>
    <fontSize>0</fontSize>
    <fontFamily/>
    <guideLines/>
  </param>
</mockup>