﻿<LinkSources version="1.02">
  <page ID="2B9D7D6F-E471-4B4C-8DFB-16716D124610">
    <linkSource sourcePageID="FC5CE92D-5C7B-4E98-83F5-C152EC2D9936" comID="E47061AD-B725-484F-B626-EEB32208E78E" comLinkType="cltPageLink"/>
    <linkSource sourcePageID="6AF953AA-31DE-465E-8670-34B038B3512F" comID="1918D7CE-E0A9-4634-BBD3-ABF9B13C77A2" comLinkType="cltPageLink"/>
    <linkSource sourcePageID="D42FC490-688F-4DF3-9895-37BD0975778C" comID="61A5E670-F42F-40F0-966E-CD43A9C592E4" comLinkType="cltPageLink"/>
    <linkSource sourcePageID="A8A282C5-9982-4FE9-93C7-3010ABDF6263" comID="B59EA406-ACF9-453D-9562-1E1AC3F591C5" comLinkType="cltPageLink"/>
    <linkSource sourcePageID="D42FC490-688F-4DF3-9895-37BD0975778C" comID="0DD2A1BA-CCE1-4E82-B135-D0AE860219D3" comLinkType="cltPageLink"/>
    <linkSource sourcePageID="35C58E79-A3EC-48B0-906E-FBA0449C7647" comID="B4DE19BA-88FC-45E5-923B-96B108EF6B27" comLinkType="cltPageLink"/>
    <linkSource sourcePageID="88D48DF6-AE2D-46DE-B64C-C08AED68BC10" comID="0E9EDBA1-AD58-49BA-A52B-16902617622C" comLinkType="cltPageLink"/>
    <linkSource sourcePageID="7B85472C-7E15-4546-AE1F-D45B46B364B3" comID="08CDFDCF-C1C8-42AB-BE76-EA7BD66286F3" comLinkType="cltPageLink"/>
    <linkSource sourcePageID="65AFF713-3DCC-43D3-B199-2E2E078F1B44" comID="CD3A4093-4914-4453-8EDE-260E82C88E59" comLinkType="cltPageLink"/>
    <linkSource sourcePageID="DA225F6E-5F8D-48C3-B93D-16F36BBDC948" comID="B0446009-FCE5-46AF-A9FF-03428B34462C" comLinkType="cltPageLink"/>
    <linkSource sourcePageID="44DD2B6A-654B-458D-A243-0C2216B7DA2A" comID="75811984-226D-4431-A046-798CCEF32436" comLinkType="cltPageLink"/>
    <linkSource sourcePageID="F144B34B-3A61-45DE-920C-22ED7F589EF4" comID="DC05C89A-F261-4E40-9F58-CB4307F8FAC3" comLinkType="cltPageLink"/>
  </page>
  <page ID="A8A282C5-9982-4FE9-93C7-3010ABDF6263">
    <linkSource sourcePageID="2B9D7D6F-E471-4B4C-8DFB-16716D124610" comID="C9DB910F-844D-4489-9378-53A4B80C122D" comLinkType="cltPageLink"/>
  </page>
  <page ID="6AF953AA-31DE-465E-8670-34B038B3512F">
    <linkSource sourcePageID="2B9D7D6F-E471-4B4C-8DFB-16716D124610" comID="BFF44EC0-4BAE-4110-AE49-895772EE5577" comLinkType="cltPageLink"/>
    <linkSource sourcePageID="D42FC490-688F-4DF3-9895-37BD0975778C" comID="79DDAF74-33B3-4519-AC58-6B02E0EC45F0" comLinkType="cltPageLink"/>
    <linkSource sourcePageID="35C58E79-A3EC-48B0-906E-FBA0449C7647" comID="BF0AA3FA-3F20-453B-9D82-EA5CCC404D8C" comLinkType="cltPageLink"/>
    <linkSource sourcePageID="88D48DF6-AE2D-46DE-B64C-C08AED68BC10" comID="F43B5B3C-73FD-43FE-8924-A370B6433397" comLinkType="cltPageLink"/>
  </page>
  <page ID="FC5CE92D-5C7B-4E98-83F5-C152EC2D9936">
    <linkSource sourcePageID="6AF953AA-31DE-465E-8670-34B038B3512F" comID="51B9C0F6-8A02-42C3-B607-D13A7910FD80" comLinkType="cltPageLink"/>
    <linkSource sourcePageID="D42FC490-688F-4DF3-9895-37BD0975778C" comID="82958801-DECC-4951-B372-37217C3718ED" comLinkType="cltPageLink"/>
    <linkSource sourcePageID="FC5CE92D-5C7B-4E98-83F5-C152EC2D9936" comID="88B8422C-8F8B-4FF7-89F4-E6BD0D0FEA42" comLinkType="cltPageLink"/>
    <linkSource sourcePageID="35C58E79-A3EC-48B0-906E-FBA0449C7647" comID="C9CEC586-EC6B-4201-935E-2A43CDB2A1FA" comLinkType="cltPageLink"/>
    <linkSource sourcePageID="88D48DF6-AE2D-46DE-B64C-C08AED68BC10" comID="F1A9DF65-A1B7-4E5F-9D3B-BD77AEDDE4E6" comLinkType="cltPageLink"/>
    <linkSource sourcePageID="7B85472C-7E15-4546-AE1F-D45B46B364B3" comID="D950E596-4AEB-4A04-B694-732AB47075DF" comLinkType="cltPageLink"/>
    <linkSource sourcePageID="65AFF713-3DCC-43D3-B199-2E2E078F1B44" comID="803EE6B3-CE63-4624-9898-7A381CB42854" comLinkType="cltPageLink"/>
    <linkSource sourcePageID="DA225F6E-5F8D-48C3-B93D-16F36BBDC948" comID="F78A76FC-C26F-4A85-BB49-4D2284576514" comLinkType="cltPageLink"/>
    <linkSource sourcePageID="44DD2B6A-654B-458D-A243-0C2216B7DA2A" comID="00A43950-0B2D-47F3-A479-DF4D38DB581D" comLinkType="cltPageLink"/>
    <linkSource sourcePageID="F144B34B-3A61-45DE-920C-22ED7F589EF4" comID="F238F116-4B9B-49B5-8E91-8424E9BF7611" comLinkType="cltPageLink"/>
  </page>
  <page ID="D42FC490-688F-4DF3-9895-37BD0975778C">
    <linkSource sourcePageID="D42FC490-688F-4DF3-9895-37BD0975778C" comID="C54083D1-77C8-4979-8B8C-7C3DF96E2D04" comLinkType="cltPageLink"/>
    <linkSource sourcePageID="FC5CE92D-5C7B-4E98-83F5-C152EC2D9936" comID="157441A1-9717-420A-86E4-424D66108F0D" comLinkType="cltPageLink"/>
    <linkSource sourcePageID="6AF953AA-31DE-465E-8670-34B038B3512F" comID="6F34148B-358C-4018-B2D5-3907753DC06C" comLinkType="cltPageLink"/>
    <linkSource sourcePageID="35C58E79-A3EC-48B0-906E-FBA0449C7647" comID="7DCFD335-65D7-4E1A-9BF6-5A1A41F4D109" comLinkType="cltPageLink"/>
    <linkSource sourcePageID="88D48DF6-AE2D-46DE-B64C-C08AED68BC10" comID="40B9EC59-FED9-489D-83C6-26EE6398C7C0" comLinkType="cltPageLink"/>
    <linkSource sourcePageID="7B85472C-7E15-4546-AE1F-D45B46B364B3" comID="40BFA6C7-E12F-4CAF-AE02-E2D2084DBB7A" comLinkType="cltPageLink"/>
    <linkSource sourcePageID="65AFF713-3DCC-43D3-B199-2E2E078F1B44" comID="9FE53575-D77A-49F2-9D80-940210F96173" comLinkType="cltPageLink"/>
    <linkSource sourcePageID="DA225F6E-5F8D-48C3-B93D-16F36BBDC948" comID="0978E96C-ED66-4EA2-9305-A47EC423C2D9" comLinkType="cltPageLink"/>
    <linkSource sourcePageID="44DD2B6A-654B-458D-A243-0C2216B7DA2A" comID="21EF34DE-5908-40AA-8566-243DD8529181" comLinkType="cltPageLink"/>
    <linkSource sourcePageID="F144B34B-3A61-45DE-920C-22ED7F589EF4" comID="68408DC8-3F6E-483F-B819-A9581DFF3221" comLinkType="cltPageLink"/>
  </page>
  <page ID="35C58E79-A3EC-48B0-906E-FBA0449C7647">
    <linkSource sourcePageID="6AF953AA-31DE-465E-8670-34B038B3512F" comID="81F6D526-BC5E-49E5-B356-4A762FB4B766" comLinkType="cltPageLink"/>
    <linkSource sourcePageID="FC5CE92D-5C7B-4E98-83F5-C152EC2D9936" comID="47BAD78F-1673-4A96-B5A4-B206B92DB246" comLinkType="cltPageLink"/>
    <linkSource sourcePageID="D42FC490-688F-4DF3-9895-37BD0975778C" comID="0DD2A1BA-CCE1-4E82-B135-D0AE860219D3" comLinkType="cltPageLink"/>
    <linkSource sourcePageID="35C58E79-A3EC-48B0-906E-FBA0449C7647" comID="06848A76-A2B8-480A-8FEC-094EAF5A721E" comLinkType="cltPageLink"/>
    <linkSource sourcePageID="88D48DF6-AE2D-46DE-B64C-C08AED68BC10" comID="494DCFAA-647A-47DE-B85B-7E268957DFF1" comLinkType="cltPageLink"/>
    <linkSource sourcePageID="7B85472C-7E15-4546-AE1F-D45B46B364B3" comID="2C40020D-B904-42FF-85FC-DC6FA4EC5F25" comLinkType="cltPageLink"/>
    <linkSource sourcePageID="65AFF713-3DCC-43D3-B199-2E2E078F1B44" comID="AF012188-9A50-4C21-9730-2FA34057DDCA" comLinkType="cltPageLink"/>
    <linkSource sourcePageID="DA225F6E-5F8D-48C3-B93D-16F36BBDC948" comID="D2FF1EC3-68C6-49E9-8FFA-9325548C0715" comLinkType="cltPageLink"/>
    <linkSource sourcePageID="44DD2B6A-654B-458D-A243-0C2216B7DA2A" comID="B18B1A1E-44F0-4227-BEFF-D813641339DA" comLinkType="cltPageLink"/>
    <linkSource sourcePageID="F144B34B-3A61-45DE-920C-22ED7F589EF4" comID="CE60062E-7977-4A98-97AE-97C941E7AA21" comLinkType="cltPageLink"/>
  </page>
  <page ID="88D48DF6-AE2D-46DE-B64C-C08AED68BC10">
    <linkSource sourcePageID="FC5CE92D-5C7B-4E98-83F5-C152EC2D9936" comID="EAF55351-B33C-4686-B3BB-A1FB7882C07D" comLinkType="cltPageLink"/>
    <linkSource sourcePageID="FC5CE92D-5C7B-4E98-83F5-C152EC2D9936" comID="2C00D146-40F3-46F8-9A51-4762453C9CC0" comLinkType="cltPageLink"/>
    <linkSource sourcePageID="FC5CE92D-5C7B-4E98-83F5-C152EC2D9936" comID="D1AAA9E1-A8F9-4C9D-ACD6-E1450CE3CD2C" comLinkType="cltPageLink"/>
    <linkSource sourcePageID="FC5CE92D-5C7B-4E98-83F5-C152EC2D9936" comID="C918A4F6-75E8-4CD6-B898-1B77E2998615" comLinkType="cltPageLink"/>
    <linkSource sourcePageID="FC5CE92D-5C7B-4E98-83F5-C152EC2D9936" comID="6EB59AE3-2A27-4A76-827A-0B6F65339BDB" comLinkType="cltPageLink"/>
    <linkSource sourcePageID="FC5CE92D-5C7B-4E98-83F5-C152EC2D9936" comID="BBFF2F0D-D3A6-4271-AE62-2992F16FE9D0" comLinkType="cltPageLink"/>
    <linkSource sourcePageID="FC5CE92D-5C7B-4E98-83F5-C152EC2D9936" comID="E0639B43-09E5-4D8B-BE53-1AC5593603CA" comLinkType="cltPageLink"/>
    <linkSource sourcePageID="FC5CE92D-5C7B-4E98-83F5-C152EC2D9936" comID="7502D02B-EC86-4779-A71F-88C0CF9B738D" comLinkType="cltPageLink"/>
    <linkSource sourcePageID="FC5CE92D-5C7B-4E98-83F5-C152EC2D9936" comID="E58D271A-48C0-4F8E-BB6F-C1485E870715" comLinkType="cltPageLink"/>
  </page>
  <page ID="7B85472C-7E15-4546-AE1F-D45B46B364B3">
    <linkSource sourcePageID="88D48DF6-AE2D-46DE-B64C-C08AED68BC10" comID="4B3C7DC2-77D6-49D3-B2BE-BDBB679EFAD1" comLinkType="cltPageLink"/>
    <linkSource sourcePageID="35C58E79-A3EC-48B0-906E-FBA0449C7647" comID="5D89C3B6-EC9F-4CEF-B22A-3D7CE50B1B7C" comLinkType="cltPageLink"/>
    <linkSource sourcePageID="35C58E79-A3EC-48B0-906E-FBA0449C7647" comID="B03E1F62-72F5-454F-B3EC-C971CEA3AB50" comLinkType="cltPageLink"/>
    <linkSource sourcePageID="D42FC490-688F-4DF3-9895-37BD0975778C" comID="81051F8B-A43B-4678-8D65-94D46C0F9FC9" comLinkType="cltPageLink"/>
    <linkSource sourcePageID="FC5CE92D-5C7B-4E98-83F5-C152EC2D9936" comID="E2D7ADAD-F60D-4F3F-82A6-5DB62708427C" comLinkType="cltPageLink"/>
    <linkSource sourcePageID="6AF953AA-31DE-465E-8670-34B038B3512F" comID="CB40E552-654D-4D77-88CB-14AB0050EE68" comLinkType="cltPageLink"/>
    <linkSource sourcePageID="7B85472C-7E15-4546-AE1F-D45B46B364B3" comID="A4ED7630-6D69-4F44-977E-436396887101" comLinkType="cltPageLink"/>
    <linkSource sourcePageID="65AFF713-3DCC-43D3-B199-2E2E078F1B44" comID="DE833F0F-F71A-46CC-BEEC-D281E75AE93E" comLinkType="cltPageLink"/>
    <linkSource sourcePageID="DA225F6E-5F8D-48C3-B93D-16F36BBDC948" comID="A163FA32-9780-4FEA-A784-7E95D7D79ACB" comLinkType="cltPageLink"/>
    <linkSource sourcePageID="44DD2B6A-654B-458D-A243-0C2216B7DA2A" comID="FEC038ED-8933-44D1-BCEC-6BDEDDE1A032" comLinkType="cltPageLink"/>
    <linkSource sourcePageID="F144B34B-3A61-45DE-920C-22ED7F589EF4" comID="A0ADAD42-C653-4B89-9231-B804500CF7EB" comLinkType="cltPageLink"/>
  </page>
  <page ID="65AFF713-3DCC-43D3-B199-2E2E078F1B44">
    <linkSource sourcePageID="65AFF713-3DCC-43D3-B199-2E2E078F1B44" comID="AE7D7F87-1A67-481C-9763-432099667DF1" comLinkType="cltPageLink"/>
    <linkSource sourcePageID="7B85472C-7E15-4546-AE1F-D45B46B364B3" comID="4FE9CED2-FDDB-4B27-BE88-FDDC9FD0B94F" comLinkType="cltPageLink"/>
    <linkSource sourcePageID="88D48DF6-AE2D-46DE-B64C-C08AED68BC10" comID="9168B669-5769-48BB-A2C1-CBA432BE2D01" comLinkType="cltPageLink"/>
    <linkSource sourcePageID="35C58E79-A3EC-48B0-906E-FBA0449C7647" comID="90359669-3F01-4D2D-9BE7-35306EAEEE4C" comLinkType="cltPageLink"/>
    <linkSource sourcePageID="D42FC490-688F-4DF3-9895-37BD0975778C" comID="04512532-6832-4267-8588-1672F95224EE" comLinkType="cltPageLink"/>
    <linkSource sourcePageID="FC5CE92D-5C7B-4E98-83F5-C152EC2D9936" comID="41A8271E-8F09-4AFE-AD5D-43DEDA5DEE29" comLinkType="cltPageLink"/>
    <linkSource sourcePageID="6AF953AA-31DE-465E-8670-34B038B3512F" comID="3DBD0171-EC92-4B01-A758-6C2FE8C78C91" comLinkType="cltPageLink"/>
    <linkSource sourcePageID="DA225F6E-5F8D-48C3-B93D-16F36BBDC948" comID="2A146E50-73F3-49F0-BA68-4681CA609B77" comLinkType="cltPageLink"/>
    <linkSource sourcePageID="44DD2B6A-654B-458D-A243-0C2216B7DA2A" comID="9D1E73C7-98B8-4149-BB7D-22041F8DA9AE" comLinkType="cltPageLink"/>
    <linkSource sourcePageID="F144B34B-3A61-45DE-920C-22ED7F589EF4" comID="401C95BA-9EE5-4739-BDF9-0EEFFA2CDF82" comLinkType="cltPageLink"/>
    <linkSource sourcePageID="DA225F6E-5F8D-48C3-B93D-16F36BBDC948" comID="14FFC450-74DE-4E83-9646-6A34E5F28F4C" comLinkType="cltPageLink"/>
  </page>
  <page ID="DA225F6E-5F8D-48C3-B93D-16F36BBDC948">
    <linkSource sourcePageID="65AFF713-3DCC-43D3-B199-2E2E078F1B44" comID="4D017A82-BA41-418C-9F82-9D4F54746D4B" comLinkType="cltPageLink"/>
    <linkSource sourcePageID="44DD2B6A-654B-458D-A243-0C2216B7DA2A" comID="FC037C16-4E09-4EC6-A9C5-08C76D9DE5B3" comLinkType="cltPageLink"/>
    <linkSource sourcePageID="44DD2B6A-654B-458D-A243-0C2216B7DA2A" comID="3849FF45-A94A-4335-8847-42CA899C95F7" comLinkType="cltPageLink"/>
    <linkSource sourcePageID="F144B34B-3A61-45DE-920C-22ED7F589EF4" comID="8812824C-457C-4FDF-BA21-3FE7B6F69847" comLinkType="cltPageLink"/>
  </page>
  <page ID="44DD2B6A-654B-458D-A243-0C2216B7DA2A">
    <linkSource sourcePageID="DA225F6E-5F8D-48C3-B93D-16F36BBDC948" comID="A677BDDB-3744-467C-ADB4-43566C440F47" comLinkType="cltPageLink"/>
  </page>
</LinkSources>