﻿<project version="2.2" name="Project" ID="715B8A27-F735-464E-9C4A-2AD03CBE26AF">
  <params>
    <pageParam version="4.5" minAllowVersion="4.5"/>
    <projectParam version="2.2" minAllowVersion="2.2" platform="MtWeb" pageSize="(1100,750)" backgroundColor="4294967295" fontSize="0" fontFamily=""/>
    <previewParam version="1.0"/>
    <colorParam version="1.0"/>
  </params>
  <modules>
    <page name="Log in page" ID="2B9D7D6F-E471-4B4C-8DFB-16716D124610" expanded="False" code="iwupQfKxIn" thumbCode="iwupQfKxIn" status="psWhite">
      <images>
        <image key="8F282F8B54230C134033098C162584A9.png"/>
      </images>
    </page>
    <page name="Register page" ID="A8A282C5-9982-4FE9-93C7-3010ABDF6263" expanded="False" code="dYk8j9knXp" thumbCode="fJPuXuf5rc" status="psWhite">
      <images>
        <image key="8F282F8B54230C134033098C162584A9.png"/>
      </images>
    </page>
    <page name="Home" ID="6AF953AA-31DE-465E-8670-34B038B3512F" expanded="True" code="rucaelktNQ" thumbCode="rucaelktNQ" status="psWhite">
      <images>
        <image key="7CB687B958279D4CF32B1222AF63B7CC.png"/>
        <image key="8F282F8B54230C134033098C162584A9.png"/>
        <image key="13B8343EB76AE0D30871CF70C18CA325.png"/>
        <image key="9640AB6399CE278649CE9B2D283FB14F.png"/>
      </images>
    </page>
    <page name="Jobs" ID="FC5CE92D-5C7B-4E98-83F5-C152EC2D9936" expanded="False" code="Bx2AZiR1I2" thumbCode="Bx2AZiR1I2" status="psWhite">
      <images>
        <image key="8F282F8B54230C134033098C162584A9.png"/>
      </images>
    </page>
    <page name="Account page" ID="D42FC490-688F-4DF3-9895-37BD0975778C" expanded="True" code="m8DYAG4VyW" thumbCode="m8DYAG4VyW" status="psWhite">
      <images>
        <image key="8F282F8B54230C134033098C162584A9.png"/>
      </images>
    </page>
    <page name="Post Job" ID="35C58E79-A3EC-48B0-906E-FBA0449C7647" expanded="True" code="mNtGek5QLj" thumbCode="mNtGek5QLj" status="psWhite">
      <images>
        <image key="8F282F8B54230C134033098C162584A9.png"/>
      </images>
    </page>
    <page name="Apply for a job" ID="88D48DF6-AE2D-46DE-B64C-C08AED68BC10" expanded="False" code="EwFmTYggWO" thumbCode="EwFmTYggWO" status="psWhite">
      <images>
        <image key="8F282F8B54230C134033098C162584A9.png"/>
      </images>
    </page>
    <page name="Messages" ID="7B85472C-7E15-4546-AE1F-D45B46B364B3" expanded="True" code="BJBwGZHkFU" thumbCode="BJBwGZHkFU" status="psWhite">
      <images>
        <image key="8F282F8B54230C134033098C162584A9.png"/>
      </images>
    </page>
    <page name="Pending Applications Student" ID="65AFF713-3DCC-43D3-B199-2E2E078F1B44" expanded="True" code="BtpBtMPsaX" thumbCode="BtpBtMPsaX" status="psWhite">
      <images>
        <image key="8F282F8B54230C134033098C162584A9.png"/>
      </images>
    </page>
    <page name="Job details" ID="DA225F6E-5F8D-48C3-B93D-16F36BBDC948" expanded="True" code="zbDdtIg9Am" thumbCode="zbDdtIg9Am" status="psWhite">
      <images>
        <image key="8F282F8B54230C134033098C162584A9.png"/>
      </images>
    </page>
    <page name="Send message" ID="44DD2B6A-654B-458D-A243-0C2216B7DA2A" expanded="True" code="9OQz8ZVn8U" thumbCode="9OQz8ZVn8U" isLastOpen="True" status="psWhite">
      <images>
        <image key="8F282F8B54230C134033098C162584A9.png"/>
      </images>
    </page>
  </modules>
  <masters/>
  <images>
    <image key="7CB687B958279D4CF32B1222AF63B7CC.png"/>
    <image key="13B8343EB76AE0D30871CF70C18CA325.png"/>
    <image key="9640AB6399CE278649CE9B2D283FB14F.png"/>
    <image key="8F282F8B54230C134033098C162584A9.png"/>
  </images>
</project>